101 AVE , 146 STREET
101 AVE,146 STREET
101 AVE , WALTHAM STREET
101 AVE,WALTHAM STREET
10 AVENUE,67 STREET
10 AVENUE,68 STREET
10 AVENUE,WEST 27 STREET
10 AVENUE,WEST 28 STREET
10 AVENUE,WEST 45 STREET
10 AVENUE,WEST 46 STREET
111 AVE , 142 STREET
111 AVE,142 STREET
111 AVE , 143 STREET
111 AVE,143 STREET
115 ROAD,205 STREET
115 ROAD,FRANCIS LEWIS BLVD
11 AVENUE,WEST 27 STREET
11 AVENUE,WEST 28 STREET
11 AVENUE,WEST 43 STREET
11 AVENUE,WEST 44 STREET
11th ST,47th AVE
11th ST,47th RD
130 PL,30th PL
130 PL,BERGEN RD
13 AVENUE,72 STREET
13 AVENUE,73 STREET
14 AVENUE,72 STREET
14 AVENUE,73 STREET
150th ST,148th ST
150th ST,CENTER CARGO RD
164 STREET,67 AVE
164 STREET,69 AVE
18 AVENUE,72 STREET
18 AVENUE,73 STREET
1 AVE , EAST 120 ST
1 AVE , EAST 124 ST
1 AVE , EAST 97 ST
1 AVE , EAST 99 ST
1 AVENUE,EAST 12 STREET
1 AVENUE,EAST 13 STREET
1 AVENUE,EAST 26 STREET
1 AVENUE,EAST 27 STREET
1 AVENUE , EAST 60 STREET
1 AVENUE , EAST 61 STREET
1 AVENUE , EAST 73 STREET
1 AVENUE , EAST 74 STREET
26 AVE,200 STREET
26 AVE,202 STREET
2 AVE , EAST 100 ST
2 AVE , EAST 123 ST
2 AVE , EAST 124 ST
2 AVE , EAST 99 ST
2 AVENUE,EAST 12 STREET
2 AVENUE,EAST 13 STREET
2 AVENUE,EAST 27 STREET
2 AVENUE,EAST 28 STREET
2 AVENUE , EAST 46 STREET
2 AVENUE , EAST 47 STREET
2 AVENUE , EAST 59 STREET
2 AVENUE , EAST 60 STREET
2 AVENUE , EAST 73 STREET
2 AVENUE , EAST 74 STREET
32nd AVE,85th ST
32nd AVE,86th ST
34th AVE,92nd ST
34th AVE,93rd ST
35 AVE,200 STREET
35 AVE,CROCHERON AVE
37 STREET,12 AVENUE
37 STREET,13 AVENUE
39 STREET,12 AVENUE
39 STREET,13 AVENUE
39th ST,NORTHERN BLVD
39th ST,SKILLMAN AVE
3 AVE , EAST 100 ST
3 AVE , EAST 123 ST
3 AVE , EAST 124 ST
3 AVE , EAST 99 ST
3 AVENUE,28 STREET
3 AVENUE,29 STREET
3 AVENUE,BALTIC STREET
3 AVENUE,BUTLER STREET
3 AVENUE,DEAN STREET
3 AVENUE,EAST 12 STREET
3 AVENUE,EAST 13 STREET
3 AVENUE,EAST 27 STREET
3 AVENUE,EAST 28 STREET
3 AVENUE , EAST 46 STREET
3 AVENUE , EAST 47 STREET
3 AVENUE , EAST 59 STREET
3 AVENUE , EAST 60 STREET
3 AVENUE , EAST 73 STREET
3 AVENUE , EAST 74 STREET
3 AVENUE,PACIFIC STREET
3 STREET , HOYT STREET
3 STREET , SMITH STREET
48th ST,37th AVE
48th ST,NORTHERN BLVD
4 AVENUE,28 STREET
4 AVENUE,29 STREET
4 AVENUE,68 STREET
4 AVENUE,BUTLER STREET
4 AVENUE,DOUGLASS STREET
4 AVENUE,EAST 10 STREET
4 AVENUE,EAST 9 STREET
4 AVENUE,SENATOR STREET
50 STREET,13 AVENUE
50 STREET,New Utrecht Avenue
51 STREET,13 AVENUE
51 STREET,19 AVENUE
51 STREET,20 AVENUE
51 STREET,New Utrecht Avenue
56 AVE,194 STREET
56 AVE,195 STREET
56th RD,43rd ST
56th RD,48th ST
5 AVENUE,24 STREET
5 AVENUE,36 STREET
5 AVENUE,BROADWAY
5 AVENUE,DE GRAW STREET
5 AVENUE,DOUGLASS STREET
5 AVENUE,EAST 11 STREET
5 AVENUE,EAST 12 STREET
5 AVENUE,EAST 26 STREET
5 AVENUE,EAST 27 STREET
5 AVENUE,EAST 28 STREET
5 AVENUE , EAST 46 STREET
5 AVENUE , EAST 47 STREET
5 AVENUE , EAST 73 STREET
5 AVENUE , EAST 74 STREET
5 AVENUE,WEST 59 STREET
5 AVENUE,WEST 60 STREET
60 STREET,11 AVENUE
60 STREET,12 AVENUE
60 STREET,18 AVENUE
60 STREET,19 AVENUE
65 STREET,10 AVENUE
65 STREET,11 AVENUE
65 STREET,18 AVENUE
65 STREET,19 AVENUE
6 AVENUE,STERLING PLACE
6 AVENUE,ST JOHN'S PLACE
73 PLACE , 78 AVENUE
73 PLACE , COOPER AVENUE
7 AVENUE,65 STREET
7 AVENUE,66 STREET
7 AVENUE,BROADWAY
7 AVENUE,LINCOLN PLACE
7 AVENUE,ST JOHN'S PLACE
7 AVENUE,WEST 12 STREET
7 AVENUE,WEST 13 STREET
7 AVENUE,WEST 27 STREET
7 AVENUE,WEST 28 STREET
7 AVENUE,WEST 46 STREET
7 AVE , WEST 117 ST
7 AVE , WEST 118 ST
7 AVE , WEST 122 ST
7 AVE , WEST 123 ST
7 AVE , WEST 148 ST
7 AVE , WEST 149 ST
86 STREET,14 AVENUE
86 STREET,7 AVENUE
86th ST,19th AVE
86th ST,20th AVE
86th ST ,W 11th ST
86th ST ,W 12th ST
8 AVENUE,66 STREET
8 AVENUE,67 STREET
8 AVENUE,CARROLL STREET
8 AVENUE,GARFIELD PLACE
8 AVENUE , HORATIO STREET
8 AVENUE,WEST 26 STREET
8 AVENUE,WEST 27 STREET
8 AVENUE,WEST 45 STREET
8 AVENUE,WEST 46 STREET
8 AVENUE , WEST 4 STREET
8 AVE , WEST 123 ST
8 AVE , WEST 124 ST
8 AVE , WEST 147 ST
8 AVE , WEST 148 ST
9 AVENUE,WEST 25 STREET
9 AVENUE,WEST 26 STREET
9 AVENUE,WEST 45 STREET
9 AVENUE,WEST 46 STREET
ALBANY AVE,LENOX RD
ALBANY AVE,LINCOLN PL
ALBANY AVE,LINDEN BLVD
ALBANY AVE,MIDWOOD ST
ALBANY AVENUE , FARRAGUT ROAD
ALBANY AVENUE,FARRAGUT ROAD
ALBANY AVENUE , GLENWOOD ROAD
ALBANY AVENUE,GLENWOOD ROAD
ALBANY AVE,RUTLAND RD
ALBANY AVE,ST JOHN'S PL
ALLEN STREET , DELANCEY STREET
ALLEN STREET , RIVINGTON STREET
AMSTERDAM AVENUE,WEST 61 STREET
AMSTERDAM AVENUE,WEST 62 STREET
AMSTERDAM AVENUE,WEST 73 STREET
AMSTERDAM AVENUE,WEST 74 STREET
AMSTERDAM AVE, WEST 100 ST
AMSTERDAM AVE , WEST 118 ST
AMSTERDAM AVE , WEST 119 ST
AMSTERDAM AVE , WEST 147 ST
AMSTERDAM AVE , WEST 148 ST
AMSTERDAM AVE , WEST 164 ST
AMSTERDAM AVE , WEST 165 ST
AMSTERDAM AVE,WEST 167 ST
AMSTERDAM AVE,WEST 168 ST
AMSTERDAM AVE , WEST 171 ST
AMSTERDAM AVE , WEST 172 ST
AMSTERDAM AVE,WEST 99 ST
ARCHER AVE, 143 STREET
ARCHER AVE,143 STREET
ARCHER AVE, 144 PLACE
ARCHER AVE,144 PLACE
ARTHUR KILL ROAD,ENGLEWOOD AVENUE
ARTHUR KILL ROAD,SHARROTTS ROAD
ASHLAND PLACE , 4 AVENUE
ASHLAND PLACE , LAFAYETTE AVENUE
ASH ST,COMMERCIAL ST
ASH ST,MC GUINNESS
ATLANTIC AVE,97th ST
ATLANTIC AVE,98th ST
ATLANTIC AVE,ALABAMA AVE
ATLANTIC AVE,CLASSON AVE
ATLANTIC AVE,LINCOLN AVE
ATLANTIC AVENUE , 3 AVENUE
ATLANTIC AVENUE , 4 AVENUE
ATLANTIC AVENUE , HINSDALE STREET
ATLANTIC AVENUE , LINCOLN AVENUE
ATLANTIC AVENUE , NICHOLS AVENUE
ATLANTIC AVENUE , WILLIAMS AVENUE
ATLANTIC AVE,NYCTA SUBWAY
ATLANTIC AVE,SHERIDAN AVE
ATLANTIC AVE,WILLIAMS AVE
AUDUBON AVE , WEST 166 ST
AUDUBON AVE , WEST 167 ST
AUDUBON AVE , WEST 172 ST
AUDUBON AVE , WEST 173 ST
AVE M ,E 15th ST
AVE M ,ELM AVE
AVE N ,E 15th ST
AVE N ,E 16th ST
AVENUE B,EAST 11 STREET
AVENUE B,EAST 12 STREET
AVENUE C,EAST 11 STREET
AVENUE C,EAST 12 STREET
AVENUE D,BROOKLYN AVENUE
AVENUE D,EAST 37 STREET
AVENUE J,EAST 12 STREET
AVENUE J,EAST 13 STREET
AVENUE J,EAST 46 STREET
AVENUE J,SCHENECTADY AVENUE
AVENUE M,EAST 45 STREET
AVENUE M,EAST 46 STREET
AVENUE N,BOB STONEHILL WAY
AVENUE N,EAST 48 STREET
AVENUE OF AMERICAS,WEST 11 STREET
AVENUE OF AMERICAS,WEST 12 STREET
AVENUE OF THE AMERICAS , SPRING STREET
AVENUE OF THE AMERICAS ,VANDAM STREET
AVENUE OF THE AMERICAS,WEST 26 STREET
AVENUE OF THE AMERICAS,WEST 27 STREET
AVENUE OF THE AMERICAS,WEST 45 STREET
AVENUE OF THE AMERICAS,WEST 46 STREET
AVENUE U , EAST 56 STREET
AVENUE U , EAST 66 STREET
AVENUE U , EAST 67 STREET
AVENUE U , EAST 71 STREET
AVENUE U , EAST 72 STREET
AVENUE U , PEARSON STREET
AVE P,CONEY ISLAND AVE
AVE P,E 12th ST
AVE P,W 10th ST
AVE P,W 11th ST
AVE U,E 16th ST
AVE U,E 17th ST
AVE U,W 10th ST
AVE U,W 11th ST
AVE Z,E 15th ST
AVE Z,E 16th ST
BATH AVE ,BAY 22nd ST
BATH AVE ,BAY 23rd ST
BAY PKWY,72nd ST
BAY PKWY,73rd ST
BAY RIDGE PKWY,11TH AVE
BAY RIDGE PKWY,12TH AVE
BEDFORD AVE,AVE R
BEDFORD AVE,HANCOCK ST
BEDFORD AVE,JEFFERSON AVE
BEDFORD AVE,LORIMER ST
BEDFORD AVE,METROPOLITAN AVE
BEDFORD AVE,NORTH 12th ST
BEDFORD AVE,NORTH 1st ST
BEDFORD AVE,PROSPECT PL
BEDFORD AVE,QUENTIN RD
BEDFORD AVE,ST MARK'S AVE
BENSON AVE ,19th AVE
BENSON AVE ,BAY 20th ST
BLOOMINGDALE ROAD,MARISA CIRCLE
BLOOMINGDALE ROAD,WOODROW ROAD
BOSTON ROAD , BRONX PARK EAST
BOSTON ROAD , EAST 176 STREET
BOSTON ROAD , FISH AVENUE
BOSTON ROAD , PELHAM PARKWAY
BOSTON ROAD , VYSE AVENUE
BOSTON ROAD , WILSON AVENUE
BOWERY , EAST HOUSTON STREET
BOWERY , PRINCE STREET
BRADDOCK AVE,221 PLACE
BRADDOCK AVE,221 STREET
BRINKERHOFF AVE, 111 AVE
BRINKERHOFF AVE,111 AVE
BRINKERHOFF AVE, 143 STREET
BRINKERHOFF AVE,143 STREET
BROADWAY , ACADEMY STREET
BROADWAY ,BEAVER STREET
BROADWAY,DUANE STREET
BROADWAY , DYCKMAN STREET
BROADWAY,EAST 11 STREET
BROADWAY,EAST 12 STREET
BROADWAY , GRANITE STREET
BROADWAY ,MORRIS STREET
BROADWAY , PILLING STREET
BROADWAY,PRINCE STREET
BROADWAY,SPRING STREET
BROADWAY,THOMAS STREET
BROADWAY , WEST 148 ST
BROADWAY , WEST 149 ST
BROADWAY , WEST 174 ST
BROADWAY , WEST 175 ST
BROADWAY , WEST 259 STREET
BROADWAY , WEST 260 STREET
BROADWAY,WEST 27 STREET
BROADWAY,WEST 28 STREET
BROADWAY,WEST 60 STREET
BROADWAY,WEST 61 STREET
BROADWAY,WEST 74 STREET
BROADWAY,WEST 75 STREET
BROADWAY , WEST 98 ST
BROADWAY , WEST 99 ST
BROOKLYN AVE,LINCOLN PL
BROOKLYN AVE,ST JOHN'S PL
BROOME STREET,BROADWAY
BROOME STREET,CROSBY STREET
BRUCKNER BOULEVARD , BRYANT AVENUE
BRUCKNER BOULEVARD , LONGFELLOW AVENUE
CANAL STREET,BROADWAY
CANAL STREET,CORTLANDT ALLEY
CATHERINE STREET , CATHERINE SLIP
CATHERINE STREET , MONROE STREET
CATON AVE ,E 12th ST
CATON AVE ,E 13th ST
CATON AVE ,E 18th ST
CATON AVE ,ST PAUL'S PL
CEDAR AVENUE , WEST 179 STREET
CEDAR AVENUE , WEST FORDHAM ROAD
CENTRAL AVE,SAGE ST
CENTRAL AVE,VIRGINIA ST
CENTRAL PARK WEST,COLUMBUS CIRCLE
CENTRAL PARK WEST,WEST 61 STREET
CENTRAL PARK WEST,WEST 74 STREET
CENTRAL PARK WEST,WEST 75 STREET
CHAMBERS STREET , BROADWAY
CHAMBERS STREET , CENTRE STREET
CHRYSTIE STREET,2 AVENUE
CHRYSTIE STREET,DELANCEY STREET
CHURCH AVE,BROOKLYN AVE
CHURCH AVE,E 13th ST
CHURCH AVE,E 14th ST
CHURCH AVE,E 37th ST
CHURCH STREET , DUANE STREET
CHURCH STREET , READE STREET
CLARENDON ROAD,BROOKLYN AVENUE
CLARENDON ROAD,EAST 37 STREET
CLASSON AVE,GATES AVE
CLASSON AVE,PUTNAM AVE
CLINTON STREET,DELANCEY STREET
CLINTON STREET,RIVINGTON STREET
CLINTON STREET , SACKETT STREET
CLINTON STREET , UNION STREET
CLOVE RD,HOWARD AVENUE
CLOVE RD,LITTLE CLOVE ROAD
COLONIAL ROAD , 68 STREET
COLONIAL ROAD , WAKEMAN PLACE
COLUMBIA STREET , DE GRAW STREET
COLUMBIA STREET , KANE STREET
COLUMBUS AVENUE,WEST 61 STREET
COLUMBUS AVENUE,WEST 62 STREET
COLUMBUS AVE,WEST 100 ST
COLUMBUS AVE,WEST 103 ST
COMMERCIAL ST,BOX ST
COMMERCIAL ST,CLAY ST
CONEY ISLAND AVE,AVE S
CONEY ISLAND AVE,AVE T
CONEY ISLAND AVE,CATON AVE
CONEY ISLAND AVE,CHURCH AVE
CONEY ISLAND AVENUE,FOSTER AVENUE
CONEY ISLAND AVENUE,NEWKIRK AVENUE
CORTELYOU ROAD,EAST 11 STREET
CORTELYOU ROAD,EAST 12 STREET
CORTLANDT ALLEY,WALKER STREET
CORTLANDT ALLEY,WHITE STREET
COURT STREET,DE GRAW STREET
COURT STREET,SACKETT STREET
CROPSEY AVE,14th AVE
CROPSEY AVE,27th AVE
CROPSEY AVE,7th AVE
CROPSEY AVE ,BAY 22nd ST
CROPSEY AVE ,BAY 23rd ST
CROPSEY AVE,BAY 26th ST
CROSS BRONX EXPRESSWAY , MARMION AVENUE
CROSS BRONX EXPRESSWAY , MORRIS AVENUE
CROSS BRONX EXPRESSWAY , PROSPECT AVENUE
CROSS BRONX EXPRESSWAY , WEEKS AVENUE
CROSS BX EXPWY SER RD, MORRIS AVENUE
CROSS BX EXPWY SER RD, WEEKS AVENUE
CROSS ISLAND PARKWAY , 107 AVENUE
CROSS ISLAND PARKWAY , 115 AVENUE
CROSS ISLAND PKWY SR, 107 AVENUE
CROSS ISLAND PKWY SR, 115 AVENUE
CROTONA AVENUE , CLAREMONT PARKWAY
CROTONA AVENUE , CROTONA PARK NORTH
CROTONA AVENUE , EAST 187 STREET
CROTONA AVENUE , EAST 189 STREET
CROTONA AVENUE , EAST FORDHAM ROAD
CROTONA AVENUE , SOUTHERN BOULEVARD
DITMAS AVENUE,EAST 13 STREET
DITMAS AVENUE,EAST 14 STREET
DRIGGS AVE,LORIMER ST
DRIGGS AVE,NORTH 12th ST
DRUMGOOLE ROAD WEST,ANNADALE ROAD
DRUMGOOLE ROAD WEST,WATKINS AVENUE
DYCKMAN STREET,SHERMAN AVENUE
DYCKMAN STREET,VERMILYEA AVENUE
E 174 ST, MORRIS AVENUE
E 174 ST, WEEKS AVENUE
E 176 ST, MARMION AVENUE
E 176 ST, PROSPECT AVENUE
E 177 ST, HARDING AVENUE
E 177 ST, LONGSTREET AVENUE
E 4TH ST,BROADWAY
E 4TH ST,LAFAYETTE ST
EAST 135 STREET ,CANAL STREET WEST
EAST 135 STREET ,PARK AVENUE
EAST 138 STREET ,GRAND CONCOURSE
EAST 138 STREET ,PARK AVENUE
EAST 14 STREET,4 AVENUE
EAST 14 STREET,BROADWAY
EAST 161 STREET , GRAND CONCOURSE
EAST 161 STREET , SHERIDAN AVENUE
EAST 163 STREET , INTERVALE AVENUE
EAST 163 STREET , ROGERS PLACE
EAST 165 STREET , CARROLL PLACE
EAST 165 STREET , GRAND CONCOURSE
EAST 177 STREET , HARDING AVENUE
EAST 177 STREET , LAWTON AVENUE
EAST 18 STREET,BROADWAY
EAST 18 STREET,PARK AVENUE SOUTH
EAST 204 STREET , GRAND CONCOURSE
EAST 204 STREET , VALENTINE AVENUE
EAST 241 STREET , HILL AVENUE
EAST 241 STREET ,MURDOCK AVENUE
EAST HOUSTON STREET,BROADWAY
EAST HOUSTON STREET,CROSBY STREET
EAST TREMONT AVENUE, ANTHONY AVENUE
EAST TREMONT AVENUE, EAST 176 STREET
EDWARD L GRANT HIGHWAY , NELSON AVENUE
EDWARD L GRANT HIGHWAY , PLIMPTON AVENUE
ESPLANADE , HAIGHT AVENUE
ESPLANADE , LURTING AVENUE
FAIRMONT PL, MARMION AVENUE
FAIRMONT PL, PROSPECT AVENUE
FARRAGUT ROAD,BEDFORD AVENUE
FARRAGUT ROAD,EAST 24 STREET
FINGERBOARD ROAD,CLEVELAND PLACE
FINGERBOARD ROAD,COLUMBIA AVENUE
FLATBUSH AVE ,CATON AVE
FLATBUSH AVE ,CLARKSON AVE
FLATBUSH AVENUE,4 AVENUE
FLATBUSH AVENUE,EAST 28 STREET
FLATBUSH AVENUE,EAST 29 STREET
FLATBUSH AVENUE,ROCKWELL PLACE
FLATLANDS AVE,LOUISIANA AVE
FLATLANDS AVE,MALTA ST
FLATLANDS AVENUE,EAST 78 STREET
FLATLANDS AVENUE,EAST 79 STREET
FLUSHING AVE,THORNTON ST
FLUSHING AVE,WHIPPLE ST
FRANCIS LEWIS BLVD,115 DRIVE
FRANCIS LEWIS BLVD,115 ROAD
FT HAMILTON PARKWAY , 36 STREET
FT HAMILTON PARKWAY , CHESTER AVENUE
FULTON STREET,DUTCH STREET
FULTON STREET,NASSAU STREET
GLEN STREET,BLOOMFIELD AVENUE
GLEN STREET,FAHY AVE
GLENWOOD ROAD,EAST 59 STREET
GLENWOOD ROAD,RALPH AVENUE
GOWANUS EXPRESSWAY , 28 STREET
GOWANUS EXPRESSWAY , 29 STREET
GRAND AVE ,CATHERINE ST
GRAND AVE,CATHERINE ST
GRAND AVE ,OLIVE ST
GRAND AVE,OLIVE ST
GRAND CONCOURSE_MAIN , EAST 172 STREET
GRAND CONCOURSE_MAIN , EAST MT EDEN AVENUE
GRAND CONCOURSE_SERV , EAST 172 STREET
GRAND CONCOURSE_SERV, EAST 172 STREET
GRAND CONCOURSE_SERV , EAST MT EDEN AVENUE
GRAND CONCOURSE_SERV, EAST MT EDEN AVENUE
GRAND STREET,BROADWAY
GRAND STREET,CROSBY STREET
GREENPOINT AVE,N. HENRY ST
GREENPOINT AVE,PROVOST ST
HEGEMAN AVENUE , FOUNTAIN AVENUE
HEGEMAN AVENUE , LOGAN STREET
HENRY HUDSON PKWY,FAIRFIELD AVE
HENRY HUDSON PKWY,INDEPENDENCE AVE
HENRY HUDSON PKWY,W 232nd ST
HENRY HUDSON PKWY,W 235th ST
HENRY HUDSON PKWY,W 236th ST
HICKS STREET , DE GRAW STREET
HICKS STREET , KANE STREET
HOLLIS COURT BLVD,189 STREET
HOLLIS COURT BLVD,47 AVE
HOMELAWN STREET,84 AVE
HOMELAWN STREET,84 ROAD
HOWARD AVENUE , BAINBRIDGE STREET
HOWARD AVENUE , CHAUNCEY STREET
HUDSON STREET,CHARLTON STREET
HUDSON STREET,GANSEVOORT STREET
HUDSON STREET,HORATIO STREET
HUDSON STREET,VANDAM STREET
HUGUENOT AVE,STAFFORD AVE
HUGUENOT AVE,WOODROW RD
HUNGRY HARBOR RD,148th ST
HUNGRY HARBOR RD,262nd PL
HUTCHINSON RIVER PKWY , LAURIE AVENUE
HUTCHINSON RIVER PKWY , ST THERESA AVENUE
HYLAN BOULEVARD,FINGERBOARD ROAD
HYLAN BOULEVARD,RODERICK AVENUE
JAMAICA AVE,101st ST
JAMAICA AVE,102nd ST
JAMAICA AVE,197 STREET
JAMAICA AVE,198 STREET
JAMAICA AVE,CARPENTER AVE
JAMAICA AVENUE , AUTUMN AVENUE
JAMAICA AVENUE , EUCLID AVENUE
JAMAICA AVE,WOODHULL AVE
JEROME AVENUE , EAST 172 STREET
JEROME AVENUE , EAST MOSHOLU PARKWAY NORTH
JEROME AVENUE , EAST MT EDEN AVENUE
JEROME AVENUE , MOSHOLU PARKWAY
JEWEL AVE,136 STREET
JEWEL AVE,138 STREET
KEW GARDENS ROAD,80 ROAD
KEW GARDENS ROAD,UNION TURNPIKE
KINGS HIGHWAY,AVENUE I
KINGS HIGHWAY,AVENUE J
KINGS HIGHWAY SERVICE,AVENUE I
KINGS HIGHWAY SERVICE,AVENUE J
KINGS HWY,E 15th ST
KINGS HWY,E 16th ST
KINGS HWY,W 11th ST
KINGS HWY,W 12th ST
LAFAYETTE AVE,CLASSON AVE
LAFAYETTE AVE,FRANKLIN AVE
LAFAYETTE AVENUE , EAST 177 STREET
LAFAYETTE AVENUE , HUTCHINSON RIVER PARKWAY
LAKEWOOD AVE,INWOOD STREET
LAKEWOOD AVE,LIVERPOOL STREET
LENOX AVE,WEST 111 ST
LENOX AVE,WEST 112 ST
LENOX AVE,WEST 123 ST
LENOX AVE,WEST 124 ST
LEXINGTON AVENUE,120TH ST
LEXINGTON AVENUE,121ST ST
LEXINGTON AVENUE,EAST 26 STREET
LEXINGTON AVENUE,EAST 27 STREET
LIBERTY AVE, 101 AVE
LIBERTY AVE,98th ST
LIBERTY AVE,99th ST
LIBERTY AVE, BRISBIN STREET
LIBERTY AVE,BRISBIN STREET
LIBERTY AVE, LLOYD ROAD
LIBERTY AVE,LLOYD ROAD
LIBERTY AVE, WALTHAM STREET
LIBERTY STREET,BROADWAY
LIBERTY STREET,LIBERTY PLACE
LINDEN BLVD , 198 STREET
LINDEN BLVD,198 STREET
LINDEN BLVD , 199 STREET
LINDEN BLVD,199 STREET
LINDEN BLVD,BROOKLYN AVE
LINDEN BLVD,E 37th ST
LINDEN BOULEVARD,AUTUMN AVENUE
LINDEN BOULEVARD , HINSDALE STREET
LINDEN BOULEVARD,LINCOLN AVENUE
LINDEN BOULEVARD , SNEDIKER AVENUE
LITTLE CLOVE RD,CAYUGA AVENUE
LITTLE CLOVE RD,RENWICK AVENUE
LITTLE CLOVE ROAD,CLOVE ROAD
LITTLE CLOVE ROAD,ONEIDA AVENUE
LONGWOOD AVENUE , EAST 160 STREET
LONGWOOD AVENUE , HEWITT PLACE
LOUIS NINE BOULEVARD, BOSTON ROAD
LOUIS NINE BOULEVARD, EAST 170 STREET
MAC DOUGAL STREET , FULTON STREET
MAC DOUGAL STREET , RALPH AVENUE
MADISON AVENUE,EAST 27 STREET
MADISON AVENUE,EAST 28 STREET
MADISON AVENUE,EAST 59 STREET
MADISON AVENUE,EAST 60 STREET
MADISON STREET,CATHERINE STREET
MADISON STREET,ST JAMES PLACE
MANHATTAN AVENUE,WEST 119 STREET
MANHATTAN AVENUE,WEST 120 STREET
Manhattan BROADWAY , WEST 148 ST
Manhattan BROADWAY , WEST 149 ST
Manhattan WEST 155 ST,EDGECOMBE AVE
Manhattan WEST 155 ST,ST NICHOLAS AVE
MARATHON PKWY,61 AVE
MARATHON PKWY,63 AVE
MARATHON PKWY,DEEPDALE AVE
MARATHON PKWY,RUSHMORE AVE
MARKET STREET,CHERRY STREET
MARKET STREET,SOUTH STREET
MARYLAND RD,DOUGLASTON PKWY
MARYLAND RD,HANFORD ST
MAURICE AVE,55th DR
MAURICE AVE,56th DR
MEEKER AVE,LEONARD ST
MEEKER AVE,WITHERS ST
MERRICK BLVD,111 AVE
MERRICK BLVD,111 ROAD
MESEROLE STREET,LEONARD ST
MESEROLE STREET,LORIMER ST
METROPOLITAN AVE,LORIMER ST
METROPOLITAN AVE,UNION AVE
MONTROSE AVE,LORIME ST
MONTROSE AVE,UNION AVE
MORLEY AVENUE,DALTON AVENUE
MORLEY AVENUE,EBONY STREET
MORRIS AVENUE , EAST 153 STREET
MORRIS AVENUE , EAST 156 STREET
MYRTLE AVE,CLASSON AVE
MYRTLE AVE,TAAFFE AVE
MYRTLE AVE,THROOP AVE
MYRTLE AVE,TOMPKINS AVE
NEPTUNE AVE,SHEEPSHEAD BAY RD
NEPTUNE AVE,W 12th ST
NORFOLK STREET,DELANCEY STREET
NORFOLK STREET,RIVINGTON STREET
NOSTRAND AVE,AVE P
NOSTRAND AVE,LENOX RD
NOSTRAND AVE,LINDEN BLVD
NOSTRAND AVENUE,FARRAGUT ROAD
NOSTRAND AVENUE,FOSTER AVENUE
NOSTRAND AVE,QUENTIN RD
OCEAN AVE,AVE R
OCEAN AVE,AVE S
OCEAN AVE,CATON AVE
OCEAN AVE,CROOKE AVE
OCEAN AVENUE,FARRAGUT ROAD
OCEAN AVENUE,GLENWOOD ROAD
OCEAN TERRACE,BUTTERWORTH AVENUE
OCEAN TERRACE,COVERLY AVENUE
ORIENTAL BLVD,GIRARD ST
ORIENTAL BLVD,HASTINGS ST
PARK AVE,58th ST
PARK AVE,59th ST
PARK AVENUE,EAST 59 STREET
PARK AVENUE,EAST 60 STREET
PARK AVENUE SOUTH,EAST 26 STREET
PARK AVENUE SOUTH,EAST 27 STREET
PAULDING AVENUE , LYDIG AVENUE
PAULDING AVENUE , NEILL AVENUE
PITKIN AVE ,95th ST
PITKIN AVE ,96th ST
PITT STREET,DELANCEY STREET
PITT STREET,STANTON STREET
PROSPECT PARK WEST,2 STREET
PROSPECT PARK WEST,3 STREET
RICHMOND HILL ROAD,EDINBORO ROAD
RICHMOND HILL ROAD,FOREST HILL ROAD
RICHMOND ROAD,BALTIC AVENUE
RICHMOND ROAD,CLOVE ROAD
Roadway Name,From
Roadway Name,To
ROCKAWAY AVENUE,HEGEMAN AVENUE
ROCKAWAY AVENUE,LINDEN BOULEVARD
ROCKAWAY BLVD,OLD ROCKAWAY BLVD
ROCKAWAY BLVD,RADAR RD
ROGERS AVE,CLARKSON AVE
ROGERS AVE,LENOX RD
ROGERS AVE,LINCOLN PL
ROGERS AVE,LINDEN BLVD
ROGERS AVE,ST JOHN'S PL
ROOSEVELT AVE,147 STREET
ROOSEVELT AVE,149 STREET
SANFORD AVE,147 STREET
SANFORD AVE,149 STREET
SEAGRIT BLVD,BEACH 7th ST
SEAGRIT BLVD,BEACH 9th ST
SHERIDANA AVENUE,EAST 161 STREET
SHERIDANA AVENUE,EAST 162 STREET
SHERIDAN AVENUE,EAST 156 STREET
SHERIDAN AVENUE,EAST 161 STREET
SHORE PKWY,27th AVE
SHORE PKWY,BAY 46th ST
SOUTH CONDUIT AVE,COHANCY ST
SOUTH CONDUIT AVE,NASSAU EXPY
SOUTHERN BOULEVARD , ALDUS STREET
SOUTHERN BOULEVARD , CROTONA PARKWAY
SOUTHERN BOULEVARD , EAST 163 STREET
SOUTHERN BOULEVARD , EAST FORDHAM ROAD
SPRINGFIELD BLVD,115 ROAD
SPRINGFIELD BLVD,116 AVE
SPRING STREET,BROADWAY
SPRING STREET,CROSBY STREET
SURF AVE,JONES WALK
SURF AVE,W 10th ST
THROGS NECK EXPRESSWAY , HARDING AVENUE
THROGS NECK EXPRESSWAY , LONGSTREET AVENUE
THROGS NECK EXPWY SER RD, HARDING AVENUE
THROGS NECK EXPWY SER RD, LONGSTREET AVENUE
TRINITY PL,EDGER ST
TRINITY PL,RECTOR PL
UNDERCLIFF AVENUE,SEDGWICK AVENUE
UNDERCLIFF AVENUE,WEST 171 STREET
UNDERHILL AVE,53 AVE
UNDERHILL AVE,58 AVE
UNION STREET,37 AVE
UNION STREET,39 AVE
VAN WYCK EXPRESSWAY , 102 AVENUE
VAN WYCK EXPRESSWAY , LIBERTY AVENUE
VAN WYCK EXPRESSWAY ,W 232nd ST
VERMONT PLACE , HIGHLAND BOULEVARD
VERMONT PLACE , JACKIE ROBINSON PKWY
VERNON BLVD,33rd RD
VERNON BLVD,35th AVE
WADSWORTH AVENUE,WEST 188 STREET
WADSWORTH AVENUE,WEST 189 STREET
WALTHAM STREET , 101 AVE
WALTHAM STREET,101 AVE
WALTHAM STREET , LIBERTY AVE
WALTHAM STREET,LIBERTY AVE
WEBSTER AVENUE , EAST 233 STREET
WEBSTER AVENUE ,EAST 234 STREET
WEBSTER AVENUE , EAST GUN HILL ROAD
WEST 135 STREET,8 AVENUE
WEST 135 STREET,EDGECOMBE AVENUE
WEST 155 ST,EDGECOMBE AVE
WEST 155 ST,ST NICHOLAS AVE
WEST 29 STREET,5 AVENUE
WEST 29 STREET,BROADWAY
WEST 30 STREET,5 AVENUE
WEST 30 STREET,BROADWAY
WEST 34 STREET,5 AVENUE
WEST 34 STREET,AVE OF THE AMER
WEST 39 STREET,5 AVENUE
WEST 39 STREET,AVE OF THE AMER
WEST BROADWAY,DUANE STREET
WEST BROADWAY,PRINCE STREET
WEST BROADWAY,SPRING STREET
WEST BROADWAY,THOMAS STREET
WEST END AVENUE,WEST 97 STREET
WEST END AVENUE,WEST 98 STREET
WEST GUN HILL ROAD , MOSHOLU PARKWAY
WEST GUN HILL ROAD ,WEST MOSHOLU PARKWAY NORTH
WHITE PLAINS ROAD , EAST 215 STREET
WHITE PLAINS ROAD , EAST 216 STREET
WOODHAVEN BLVD,101st ST
WOODHAVEN BLVD,97th AVE
YORK AVENUE,EAST 74 STREET
YORK AVENUE,EAST 75 STREET
ZEREGA AVENUE , BRUCKNER BOULEVARD
ZEREGA AVENUE , BRUCKNER EXPRESSWAY
